use iproject15
go

DELETE Verificatie
DELETE Bestand
DELETE Bod
DELETE Feedback
DELETE Gebruikerstelefoon
DELETE Voorwerp_in_Rubriek
DELETE Voorwerp
DELETE Verkoper
DELETE Gebruiker
DELETE Gebruikerstelefoon
DELETE Rubriek
DELETE Verkoper
DELETE Voorwerp
DELETE Voorwerp_in_Rubriek
DELETE Vraag

insert into Vraag values
	(1, 'Wat is je lievelingsfruit?'),
	(2, 'Wat is je lievelingseten?'),
	(3, 'Hoe heet jouw beste vriend/vriedin?'),
	(4, 'wat is de naam van jouw eerste baas?'),
	(5, 'Hoe hete jouw eerste engels docent?')

insert into Gebruiker values
	('Peter1', 'Peter', 'Petersen', 'Pastoor van beijnenstraat 181', null, '5081 AP', 'Hilvarenbeek', 'Nederland', '1989-01-01', 'peter@gmail.com', '$argon2i$v=19$m=1024,t=2,p=2$bGIycFJVMTlhMk9jQW1WNA$Arv8yrHb5WW7xWinhBLeQZE17i0pxflvtRg2OECnpBY', 1, 'Appels', 1, 1),
	('Peter2', 'Peter', 'Ekkel', 'Azaleastraat 116', null, '9581 CB', 'Musselkanaal', 'Nederland', '1990-01-01', 'Peter2@gmail.com', '$argon2i$v=19$m=1024,t=2,p=2$bGIycFJVMTlhMk9jQW1WNA$Arv8yrHb5WW7xWinhBLeQZE17i0pxflvtRg2OECnpBY', 3, 'Alexander', 0, 1),
	('Henk1','Henk', 'Jansen', 'Lantsheerstraat 160', null, '4356 AZ', 'Oostkappelle', 'Nederland', '1991-01-01', 'Jan2@gmail.com', '$argon2i$v=19$m=1024,t=2,p=2$bGIycFJVMTlhMk9jQW1WNA$Arv8yrHb5WW7xWinhBLeQZE17i0pxflvtRg2OECnpBY', 2, 'Appeltaart', 0, 1),
	('Henk2','Henk', 'Streefland', 'Deken Vaasstraat 8', null, '8472 AA', 'Wolvega', 'Nederland', '1992-01-01', 'henk22@gmail.com', '$argon2i$v=19$m=1024,t=2,p=2$bGIycFJVMTlhMk9jQW1WNA$Arv8yrHb5WW7xWinhBLeQZE17i0pxflvtRg2OECnpBY', 5, 'Dirk', 1, 1),
	('Henk3', 'Henk', 'Smeltink', 'Spoorpad 172', null, '5111 BW', 'Baarle-Nassau', 'Nederland', '1993-01-01', 'Henk3@gmail.com', '$argon2i$v=19$m=1024,t=2,p=2$bGIycFJVMTlhMk9jQW1WNA$Arv8yrHb5WW7xWinhBLeQZE17i0pxflvtRg2OECnpBY', 2, 'Lasanga', 1, 1),
	('Henk4', 'Henk', 'Henkies', 'Willem van Oranjestraat 11', null, '4931 NJ', 'Geertruidenberg', 'Nederland', '1994-01-01', 'Henk4@gmail.com', '$argon2i$v=19$m=1024,t=2,p=2$bGIycFJVMTlhMk9jQW1WNA$Arv8yrHb5WW7xWinhBLeQZE17i0pxflvtRg2OECnpBY', 2, 'Brood', 1, 1),
	('Wesley5', 'Wesley', 'Weslies', 'Fultonstraat 182', null, '2562 XC', 'Den Haag', 'Nederland', '1995-01-01', 'wesley2@gmail.com', '$argon2i$v=19$m=1024,t=2,p=2$bGIycFJVMTlhMk9jQW1WNA$Arv8yrHb5WW7xWinhBLeQZE17i0pxflvtRg2OECnpBY', 4, 'Hareld', 0, 1),
	('Harry2', 'Harry', 'Haries', 'Weesperzijde 118', null, '1097 DS', 'Amsterdam', 'Nederland', '1996-01-01', 'Harry2@gmail.com', '$argon2i$v=19$m=1024,t=2,p=2$bGIycFJVMTlhMk9jQW1WNA$Arv8yrHb5WW7xWinhBLeQZE17i0pxflvtRg2OECnpBY', 1, 'Citroen', 1, 1),
	('Harry1','Harry', 'Hekkie', 'Buizerdstraat 84', null, '3312 TC', 'Dordrecht', 'Nederland', '1997-01-01', 'Harry3@gmail.com', '$argon2i$v=19$m=1024,t=2,p=2$bGIycFJVMTlhMk9jQW1WNA$Arv8yrHb5WW7xWinhBLeQZE17i0pxflvtRg2OECnpBY', 5, 'Berend', 0, 1),
	('Bas3', 'Bas', 'Bassie', 'Hoofdweg 181', null, '9684 CL', 'Finsterwolde', 'Nederland', '1998-01-01', 'Bas3@gmail.com', '$argon2i$v=19$m=1024,t=2,p=2$bGIycFJVMTlhMk9jQW1WNA$Arv8yrHb5WW7xWinhBLeQZE17i0pxflvtRg2OECnpBY', 3, 'Martijn', 0, 1),
	('Bas2','Bas', 'Adriaan', 'In de Molt 162', null, '6269 EK', 'Margraten', 'Nederland', '1999-01-01', 'Bas2@gmail.com', '$argon2i$v=19$m=1024,t=2,p=2$bGIycFJVMTlhMk9jQW1WNA$Arv8yrHb5WW7xWinhBLeQZE17i0pxflvtRg2OECnpBY', 4, 'Appels', 0, 1),
	('Bas1','Bas', 'Bakkie', 'Louis Couperusstraat 44', null, '1054 CJ', 'Amsterdam', 'Nederland', '1990-08-06', 'Bas1@gmail.com', '$argon2i$v=19$m=1024,t=2,p=2$bGIycFJVMTlhMk9jQW1WNA$Arv8yrHb5WW7xWinhBLeQZE17i0pxflvtRg2OECnpBY', 4, 'Rikkert', 1, 1),
	('Dani3', 'Dani', 'Banaanie', 'Burgemeester Sustoriusstraat 156', null, '4813 PN', 'Breda', 'Nederland', '1990-08-09', 'Dani3@gmail.com', '$argon2i$v=19$m=1024,t=2,p=2$bGIycFJVMTlhMk9jQW1WNA$Arv8yrHb5WW7xWinhBLeQZE17i0pxflvtRg2OECnpBY', 3, 'Greetje', 1, 1),
	('Dani4','Dani', 'Dank', 'Count basiestraat 191', null, '3813 ZP', 'Amersfoort', 'Nederland', '1994-12-24', 'Dani4@gmail.com', '$argon2i$v=19$m=1024,t=2,p=2$bGIycFJVMTlhMk9jQW1WNA$Arv8yrHb5WW7xWinhBLeQZE17i0pxflvtRg2OECnpBY', 3, 'Gert-jan', 0, 1),
	('Dani2','Dani', 'Spinakie', 'Galgenstraat 149', null, '1012 LT', 'Amsterdam', 'Nederland', '1995-12-28', 'Dani2@gmail.com', '$argon2i$v=19$m=1024,t=2,p=2$bGIycFJVMTlhMk9jQW1WNA$Arv8yrHb5WW7xWinhBLeQZE17i0pxflvtRg2OECnpBY', 2, 'Spekkoek', 1, 1),
	('Erkan2', 'Erkan', 'Bam', 'De nije Kamers 172', null, '9076 JD', 'Sint Annaparochie', 'Nederland', '1991-11-28', 'Erkan2@gmail.com', '$argon2i$v=19$m=1024,t=2,p=2$bGIycFJVMTlhMk9jQW1WNA$Arv8yrHb5WW7xWinhBLeQZE17i0pxflvtRg2OECnpBY', 5, 'Brian', 0, 1),
	('Erkan3','Erkan', 'Berkan', 'Europark 143', null, '7102 AM', 'Winterswijk', 'Nederland', '1999-03-01', 'Erkan3@gmail.com', '$argon2i$v=19$m=1024,t=2,p=2$bGIycFJVMTlhMk9jQW1WNA$Arv8yrHb5WW7xWinhBLeQZE17i0pxflvtRg2OECnpBY', 5, 'Egbert', 1, 1),
	('Erkan1','Erkan', 'Slaags', 'Scheldekade 125', null, '4531 EG', 'Terneuzen', 'Nederland', '1999-05-01', 'Erkan1@gmail.com', '$argon2i$v=19$m=1024,t=2,p=2$bGIycFJVMTlhMk9jQW1WNA$Arv8yrHb5WW7xWinhBLeQZE17i0pxflvtRg2OECnpBY', 3, 'Richard', 0, 1),
	('Bazinga12','Bata', 'bat', 'Esperantolaan 106', null, '6824 LW', 'Arnhem', 'Nederland', '1999-07-01', 'Bazinga12@gmail.com', '$argon2i$v=19$m=1024,t=2,p=2$bGIycFJVMTlhMk9jQW1WNA$Arv8yrHb5WW7xWinhBLeQZE17i0pxflvtRg2OECnpBY', 2, 'Boerenkool', 0, 1),
	('DioBrando2', 'Dio', 'Brando', 'Touwslagerwie 200', null, '5551SJ', 'Volkenswaard', 'Nederland', '1999-4-12', 'Diobrando1@gmail.com', '$argon2i$v=19$m=1024,t=2,p=2$bGIycFJVMTlhMk9jQW1WNA$Arv8yrHb5WW7xWinhBLeQZE17i0pxflvtRg2OECnpBY', 4, 'Banaan', 1, 1)

insert into Verkoper values
	('Peter1', 'ING', 'INGB-123-414234-231', 'iDeal', null),
	('Peter2','ING', 'INGB-123-414234-231', 'iDeal', null),
	('Henk1', 'ING', 'INGB-123-414234-231', 'iDeal', null),
	('Henk2', 'ING', 'INGB-123-414234-231', 'iDeal', null),
	('Henk3',  'ING', 'INGB-123-414234-231', 'iDeal', null),
	('Henk4', 'ING', 'INGB-123-414234-231', 'iDeal', null),
	('Wesley5', 'ING', 'INGB-123-414234-231', 'iDeal', null),
	('Harry2', 'ING', 'INGB-123-414234-231', 'iDeal', null),
	('Harry1', 'ING', 'INGB-123-414234-231', 'iDeal', null),
	('Bas3',  'ING', 'INGB-123-414234-231', 'iDeal', null),
	('Bas2', 'ING', 'INGB-123-414234-231', 'iDeal', null),
	('Bas1', 'ING', 'INGB-123-414234-231', 'iDeal', null),
	('Dani3',  'ING', 'INGB-123-414234-231', 'iDeal', null),
	('Dani4', 'ING', 'INGB-123-414234-231', 'iDeal', null),
	('Dani2', 'ING', 'INGB-123-414234-231', 'iDeal', null),
	('Erkan2', 'ING', 'INGB-123-414234-231', 'iDeal', null),
	('Erkan3', 'ING', 'INGB-123-414234-231', 'iDeal', null),
	('Erkan1', 'ING', 'INGB-123-414234-231', 'iDeal', null),
	('Bazinga12', 'ING', 'INGB-123-414234-231', 'iDeal', null),
	('DioBrando2', 'ING', 'INGB-123-414234-231', 'iDeal', null)

insert into Rubriek values
(1, 'Antiek en Kunst', null, 1),
	(2, 'Antiek', 1, 2),
		(3, 'Gebruikersvoorwerpen', 2, 3),
		(4, 'Meubels', 2, 4),
		(5, 'Eetgerei', 2, 5),
	(6, 'Kunst', 1, 6),
		(7, 'Schilderijen', 6, 7),
	(8, 'Curiosa en Brocante', 1, 8),

(9, 'Audio, TV en Foto', null, 9),
	(10, 'Audio', 9, 10),
		(11, 'Draagbaar', 10, 11),
	(12, 'Film, Video en Tv', 9, 12),
	(13, 'Fotografie', 9, 13),
	(14, 'Optische apparatuur', 9, 14),
	(15, 'Accessoires', 9, 15),
	(16, 'Overige', 9, 16),

(17, 'Auto''s', null, 17),
	(18, 'Nieuwe auto''s', 17, 18),
	(19, 'Oldtimers', 17, 19),
	(20, 'Bestelauto''s', 17, 20),
	(21, 'Vrachtauto''s', 17, 21),
	(22, 'Auto onderdelen', 17, 22),

(23, 'Boeken', null, 23),
	(24, 'Populaire fictie', 23, 24),
	(25, 'School, Studie en Wetenschap', 23, 25),
	(26, 'Eten en Koken', 23, 26),
	(27, 'Kind en Jeugd', 23, 27),
	(28, 'Geschiedenis, Politiek en Historie', 23, 28),
	(29, 'Stripverhalen', 23, 29),
	(30, 'Sport, Hobby en Vrije tijd', 23, 30),
	(31, 'Kunst en Cultuur', 23, 31),
	(32, 'Taal en Reizen', 23, 32),
	(33, 'Overige', 23, 33),

(34, 'Caravans en Kamperen', null, 34),
	(35, 'Caravans en Campers', 34, 35),
	(36, 'Tenten en Vouwwagens', 34, 36),
	(37, 'Accessoires en Toebehoren', 34, 37),
	(38, 'Diensten', 34, 38),
	(39, 'Inkoop', 34, 39),
	(40, 'Overige', 34, 40),

(41, 'CD''s en DVD''s', null, 41),
	(42, 'CD''s', 41, 42),
	(43, 'Vinyl', 41, 43),
	(44, 'DVD''s', 41, 44),
	(45, 'Blu-rays', 41, 45),
	(46, 'VHS', 41, 46),
	(47, 'Overige', 41, 47),

(48, 'Computers en Software', null, 48),
	(49, 'Tablets en E-readers', 48, 49),
	(50, 'Computers', 48, 50),
	(51, 'Randapparatuur', 48, 51),
	(52, 'Computeronderdelen', 48, 52),
	(53, 'Laptops', 48, 53),
	(54, 'Opslag', 48, 54),
	(55, 'Boeken', 48, 55),
	(56, 'Software', 48, 56),
	(57, 'Overige', 48, 57),

(58, 'Dieren en Toebehoren', null, 58),
	(59, 'Honden', 58, 59),
	(60, 'Paarden en Pony''s', 58, 60),
	(61, 'Katten', 58, 61),
	(62, 'Reptielen en Amfibie&euml;n', 58, 62),
	(63, 'Vee', 58, 63),
	(64, 'Knaagdieren en Konijnen', 58, 64),
	(65, 'Vissen', 58, 65),
	(66, 'Vogels', 58, 66),
	(67, 'Boeken', 58, 67),
	(68, 'Toebehoren', 58, 68),
	(69, 'Overige', 58, 69),

(70, 'Doe-het-zelf en Verbouw', null, 70),
	(71, 'Gereedschappen', 70, 71),
	(72, 'Machines en Apparaten', 70, 72),
	(73, 'Dak en Gevel', 70, 73),
	(74, 'Materialen', 70, 74),
	(75, 'Ramen, Deuren en Kozijnen', 70, 75),
	(76, 'Verwarming en Ventilatie', 70, 76),
	(77, 'Sanitair en Tegels', 70, 77),
	(78, 'Verf en Schilderen', 70, 78),
	(79, 'Verlichting, Elektra en Kabels', 70, 79),
	(80, 'Overige', 70, 80),

(81, 'Fietsen en Brommers', null, 81),
	(82, 'Fietsen', 81, 82),
		(83, 'Dames', 82, 83),
		(84, 'Heren', 82, 84),
		(85, 'Kinderen', 82, 85),
	(86, 'Brommers', 81, 86),
	(87, 'Brommers', 81, 87),
	(88, 'Snorfietsen en Snorscooters', 81, 88),
	(89, 'Fietsaccessoires en Onderdelen', 81, 89),
	(90, 'Brommeronderdelen en Toebehoren', 81, 90),
	(91, 'Overige', 81, 91),


(92, 'Hobby en Vrije tijd', null, 92),
	(93, 'Modelbouw', 92, 93),
	(94, 'Modelauto''s', 92, 94),
	(95, 'Modeltreinen', 92, 95),
	(96, 'Knutselen en Handenarbeid', 92, 96),
	(97, 'Feestartikelen', 92, 97),
	(98, 'Spel en Strategie', 92, 98),
	(99, 'Verzamelkaartspellen', 92, 99),
	(100, 'Elektronica', 92, 100),
	(101, 'Kleding en Stoffen', 92, 101),
	(102, 'Sparen', 92, 102),
	(103, 'Overige', 92, 103),

(104, 'Huis en Inrichting', null, 104),
	(105, 'Huizen', 104, 105),
	(106, 'Badkamer', 104, 106),
	(107, 'Banken en Stoelen', 104, 107),
	(108, 'Kasten', 104, 108),
	(109, 'Stoffering', 104, 109),
	(110, 'Lampen', 104, 110),
	(111, 'Keuken', 104, 111),
	(112, 'Tafels', 104, 112),
	(113, 'Slaapkamer', 104, 113),
	(114, 'Woonaccessoires', 104, 114),
	(115, 'Overige', 104, 115),


(116, 'Kinderen en Baby''s', null, 116),
	(117, 'Babykleding', 116, 117),
	(118, 'Babybenodigdheden', 116, 118),
	(119, 'Onderweg', 116, 119),
	(120, 'Kinderkleding', 116, 120),
	(121, 'Kindermeubilair', 116, 121),
	(122, 'Boeken', 116, 122),
	(123, 'Speelgoed', 116, 123),
	(124, 'Overige', 116, 124),

(125, 'Kleding', null, 125),
	(126, 'Dames', 125, 126),
		(127, 'Merkkleding', 126, 127),
		(128, 'Badmode en Ondergoed', 126, 128),
		(129, 'Accessoires', 126, 129),
		(130, 'Schoenen en Beenmode', 126, 130),
		(131, 'Overige', 126, 131),
	(132, 'Heren', 125, 132),
		(133, 'Merkkleding', 132, 133),
		(134, 'Badmode en Ondergoed', 132, 134),
		(135, 'Accessoires', 132, 135),
		(136, 'Schoenen en Beenmode', 132, 136),
		(137, 'Overige', 132, 137),

(138, 'Motoren', null, 138),
	(139, 'Onderdelen', 138, 139),
	(140, 'Accessoires', 138, 140),
	(141, 'Helmen en Kleding', 138, 141),

(142, 'Muziek en instrumenten', null, 142),
	(143, 'Piano''s en Toetsen', 142, 143),
	(144, 'Snaarinstrumenten', 142, 144),
	(145, 'Drums en Percussie', 142, 145),
	(146, 'Blaasinstrumenten', 142, 146),
	(147, 'Apparatuur en Elektronica', 142, 147),
	(148, 'Strijkinstrumenten', 142, 148),
	(149, 'Onderdelen en Toebehoren', 142, 149),
	(150, 'Onderdelen en Toebehoren', 142, 150),
	
(151, 'Sieraden en Tassen', null, 151),
	(152, 'Sieraden', 151, 152),
	(153, 'Horloges', 151, 153),
	(154, 'Tassen en Koffers', 151, 154),
	(155, 'Uiterlijk', 151, 155),
	(156, 'Zonnebrillen en Brillen', 151, 156),
	(157, 'Accessoires', 151, 157),

(158, 'Spelcomputers, Games', null, 158),
	(159, 'Spelcomputers', 158, 159),
		(160, 'Sony Playstation', 159, 160),
		(161, 'Nintendo', 159, 161),
		(162, 'Xbox', 159, 162),
		(163, 'Overige', 159, 163),
	(164, 'Toebehoren', 158, 164),
		(165, 'Sony Playstation', 164, 165),
		(166, 'Nintendo', 164, 166),
		(167, 'Xbox', 164, 167),
		(168, 'Overige', 164, 168),
	(169, 'Games', 158, 169),
		(170, 'Sony Playstation', 169, 170),
		(171, 'Nintendo', 169, 171),
		(172, 'Xbox', 169, 172),
		(173, 'Overige', 169, 173),

(174, 'Sport en Fitness', null, 174),
	(175, 'Lopen, Fietsen en Skaten', 174, 175),
	(176, 'Balsporten', 174, 176),
	(177, 'Fitness en Gymnastiek', 174, 177),
	(178, 'Behendigheidsporten', 174, 178),
	(179, 'Wintersporten', 174, 179),
	(180, 'Rijden en Vliegen', 174, 180),
	(181, 'Vechtsporten en Zelfverdediging', 174, 181),
	(182, 'Kleding', 174, 182),
	(183, 'Wellness en Ontspanning', 174, 183),
	(184, 'Overige', 174, 184),

(185, 'Telecommunicatie', null, 185),
	(186, 'Mobiele Telefoons', 185, 186),
		(187, 'Hoesjes en Frontjes', 186, 187),
		(188, 'Toebehoren', 186, 188),
	(189, 'Vaste telefoons en Toebehoren', 185, 189),
	(190, 'Zenders en Ontvangers', 185, 190),
	(191, 'Datacommunicatie', 185, 191),
	(192, 'Overige', 185, 192),

(193, 'Tickets en Kaartjes', null, 193),
	(194, 'Concerten', 193, 194),
	(195, 'Cultuur', 193, 195),
	(196, 'Recreatie en Festivals', 193, 196),
	(197, 'Reizen', 193, 197),
	(198, 'Sport', 193, 198),
	(199, 'Overige', 193, 199),

(200, 'Tuin en Terras', null, 200),
	(201, 'Tuinaanleg en Decoratie', 200, 201),
	(202, 'Bloemen en Planten', 200, 202),
	(203, 'Huisjes en Meubelen', 200, 203),
	(204, 'Bodem en Grond', 200, 204),
	(205, 'Tuinaccessoires', 200, 205),
	(206, 'Tuinaccessoires', 200, 206),
	(207, 'Overige', 200, 207),

(208, 'Verzamelen', null, 208),
	(209, 'Ansichten, Prenten en Kaarten', 208, 209),
	(210, 'Apparatuur', 208, 210),
	(211, 'Apparatuur', 208, 211),
	(212, 'Dier, Steen en Fossiel', 208, 212),
	(213, 'Dranken, Glas en Servies', 208, 213),
	(214, 'Film, TV en Vermaak', 208, 214),
	(215, 'Poppen, Beren en Figuurtjes', 208, 215),
	(216, 'Sport en Scouting', 208, 216),
	(217, 'Vervoer en Transport', 208, 217),
	(218, 'Kleding en Toebehoren', 208, 218),
	(219, 'Overige', 208, 219),

(220, 'Watersport en Boten', null, 220),
	(221, 'Hengelsport', 220, 221),
	(222, 'Roeien en Kano&euml;n', 220, 222),
	(223, 'Surfen, Zwemmen en Waterskien', 220, 223),
	(224, 'Motorboten', 220, 224),
	(225, 'Zeilboten en Toebehoren', 220, 225),
	(226, 'Accessoires en Toebehoren', 220, 226),
	(227, 'Overige', 220, 227),

(228, 'Witgoed en Apparatuur', null, 228),
	(229, 'Keuken', 228, 229),
	(230, 'Huishouden', 228, 230),
	(231, 'Persoonlijke apparatuur', 228, 231),
	(232, 'Persoonlijke apparatuur', 228, 232),
	(233, 'Overige', 228, 233),

(234, 'Zakelijke goederen', null, 234),
	(235, 'Machines en Bouw', 234, 235),
	(236, 'Horeca', 234, 236),
	(237, 'Partijgoederen en Retail', 234, 237),
	(238, 'Kantoor, Winkel en Bedrijf', 234, 238),
	(239, 'Agrarisch', 234, 239),
	(240, 'Overige', 234, 240),

(241, 'Diversen', null, 241),
	(242, 'Feesten en Evenementen', 241, 242),
	(243, 'School-en Kantoorartikelen', 241, 243),
	(244, 'Zorg', 241, 244),
	(245, 'Overige', 241, 245)

DBCC CHECKIDENT ('Voorwerp', RESEED, -1)

insert into Voorwerp (Titel, Beschrijving, Startprijs, Betalingswijze, Betalingsinstructie, Plaatsnaam, Land, Looptijd, LooptijdbeginDag, LooptijdbeginTijdstip, Verzendkosten, Verzendinstructies, Verkoper, Koper, LooptijdeindeDag, LooptijdeindeTijdstip, VeiligGesloten, Verkoopprijs)
values
	('JoJo t-shirt', 'Bring out your inner weeb 2', 30, 'Bank', null, 'Arnhem', 'Nederland', '7',  GETDATE() - 7, CURRENT_TIMESTAMP, 0.95, null, 'Peter1', null, GETDATE()+7, CURRENT_TIMESTAMP, 0, null),
	('Mooie auto', 'Bring out your inner weeb 3', 45, 'Bank', null, 'Doesburg', 'Nederland', '3',  GETDATE() - 20, CURRENT_TIMESTAMP, 0.95, null, 'Peter1', null, GETDATE()+3, CURRENT_TIMESTAMP, 0, null),
	('Dikke BWM', 'Bring out your inner weeb 4', 10, 'Bank', null, 'Doetinchem', 'Nederland', '2',  GETDATE() - 65, CURRENT_TIMESTAMP, 0.95, null, 'Peter1', null, GETDATE()+2, CURRENT_TIMESTAMP, 0, null),
	('Schep', 'Bring out your inner weeb 5', 5, 'Bank', null, 'Apeldoorn', 'Nederland', '1',  GETDATE() - 3, CURRENT_TIMESTAMP, 0.95, null, 'Erkan1', null, GETDATE()+1, CURRENT_TIMESTAMP, 0, null),
	('PS4', 'Bring out your inner weeb 6', 6.99, 'Bank', null, 'Amersfoort', 'Nederland', '4',  GETDATE() - 3, CURRENT_TIMESTAMP, 0.95, null, 'Bazinga12', null, GETDATE()+4, CURRENT_TIMESTAMP, 0, null),
	('Nintendo switch', 'Bring out your inner weeb 7', 10.99, 'Bank', null, 'Arnhem', 'Nederland', '3',  GETDATE() - 5, CURRENT_TIMESTAMP, 0.95, null, 'Dani2', null, GETDATE()+3, CURRENT_TIMESTAMP, 0, null),
	('PS3', 'Bring out your inner weeb 8', 14.99, 'Bank', null, 'Laag-soeren', 'Nederland', '5',  GETDATE() - 7, CURRENT_TIMESTAMP, 0.95, null, 'Dani2', null, GETDATE()+5, CURRENT_TIMESTAMP, 0, null),
	('xbox 360', 'Bring out your inner weeb 9', 50, 'Bank', null, 'Dieren', 'Nederland', '2',  GETDATE() - 8, CURRENT_TIMESTAMP, 0.95, null, 'wesley5', null, GETDATE()+2, CURRENT_TIMESTAMP, 0, null),
	('Motorola G', 'Bring out your inner weeb 10', 60, 'Bank', null, 'Drempt', 'Nederland', '7',  GETDATE() -10, CURRENT_TIMESTAMP, 0.95, null, 'wesley5', null, GETDATE()+7, CURRENT_TIMESTAMP, 0, null),
	('Vodafone Smart 2', 'Bring out your inner weeb 11', 57.99, 'Bank', null, 'Eerbeek', 'Nederland', '5',  GETDATE() - 11, CURRENT_TIMESTAMP, 0.95, null, 'wesley5', null, GETDATE()+5, CURRENT_TIMESTAMP, 0, null),
	('grasmaaier', 'Bring out your inner weeb 12', 100, 'Bank', null, 'Laag-keppel', 'Nederland', '14',  GETDATE() - 15, CURRENT_TIMESTAMP, 0.95, null, 'Peter1', null, GETDATE()+14, CURRENT_TIMESTAMP, 0, null),
	('Bestek', 'Bring out your inner weeb 13', 110, 'Bank', null, 'Hoog-keppel', 'Nederland', '12',  GETDATE() - 19, CURRENT_TIMESTAMP, 0.95, null, 'Peter1', null, GETDATE()+12, CURRENT_TIMESTAMP, 0, null),
	('Mok (batman)', 'Bring out your inner weeb 14', 1000, 'Bank', null, 'zutphen', 'Nederland', '10',  GETDATE() - 20, CURRENT_TIMESTAMP, 0.95, null, 'Peter1', null, GETDATE()+10, CURRENT_TIMESTAMP, 0, null),
	('Mooie bankestel', 'Bring out your inner weeb 15', 2, 'Bank', null, 'Zevenaar', 'Nederland', '11',  GETDATE() - 1, CURRENT_TIMESTAMP, 0.95, null, 'Peter1', null, GETDATE()+11, CURRENT_TIMESTAMP, 0, null),
	('Tafel', 'Bring out your inner weeb 16', 200, 'Bank', null, 'wilp', 'Nederland', '9',  GETDATE() - 90, CURRENT_TIMESTAMP, 0.95, null, 'Peter1', null, GETDATE()+9, CURRENT_TIMESTAMP, 0, null),
	('theekopjes', 'Bring out your inner weeb 17', 14, 'Bank', null, 'Ede', 'Nederland', '8',  GETDATE() - 100, CURRENT_TIMESTAMP, 0.95, null, 'Peter1', null, GETDATE()+8, CURRENT_TIMESTAMP, 0, null),
	('Schilderij (mona lisa)', 'Bring out your inner weeb 18', 11, 'Bank', null, 'Arnhem', 'Nederland', '4',  GETDATE() - 12, CURRENT_TIMESTAMP, 0.95, null, 'Peter1', null, GETDATE()+4, CURRENT_TIMESTAMP, 0, null),
	('tulpenbollen', 'Bring out your inner weeb 19', 33, 'Bank', null, 'Velp', 'Nederland', '5',  GETDATE() - 4, CURRENT_TIMESTAMP, 0.95, null, 'Peter1', null, GETDATE()+5, CURRENT_TIMESTAMP, 0, null),
	('Rolschaatsen', 'Bring out your inner weeb 20', 1500, 'Bank', null, 'Rheden', 'Nederland', '5',  GETDATE() - 5, CURRENT_TIMESTAMP, 0.95, null, 'Peter1', null, GETDATE()+5, CURRENT_TIMESTAMP, 0, null),
	('Skateboard', 'Bring out your inner weeb 21', 232, 'Bank', null, 'De steeg', 'Nederland', '5',  GETDATE() - 5, CURRENT_TIMESTAMP, 0.95, null, 'Peter1', null, GETDATE()+5, CURRENT_TIMESTAMP, 0, null),
	('Puur gouden AirPods&trade;', 'Bring out your inner weeb 22', 30, 'Bank', null, 'Arnhem', 'Nederland', '7',  GETDATE() - 7, CURRENT_TIMESTAMP, 0.95, null, 'Peter1', null, GETDATE()+7, CURRENT_TIMESTAMP, 0, null)


insert into Bestand values
('F:\afb\0',0),
('F:\afb\1',1),
('F:\afb\2',2),
('F:\afb\3',3),
('F:\afb\4',4),
('F:\afb\5',5),
('F:\afb\6',6),
('F:\afb\7',7),
('F:\afb\8',8),
('F:\afb\9',9),
('F:\afb\10',10),
('F:\afb\11',11),
('F:\afb\12',12),
('F:\afb\13',13),
('F:\afb\14',14),
('F:\afb\15',15),
('F:\afb\16',16),
('F:\afb\17',17),
('F:\afb\18',18),
('F:\afb\19',19)

insert into Bod values
	(0, 12, 'Peter1', '2019-04-25', '16:52:56'),
	(1, 20, 'Peter2', '2019-04-25', '18:00:23'),
	(2, 25, 'Henk1', '2019-04-25', '17:23:42'),
	(3, 15, 'Henk2', '2019-04-25', '13:42:32'),
	(4, 10, 'Henk3', '2019-04-25', '10:23:12'),
	(5, 8, 'Henk4', '2019-04-25', '19:42:45'),
	(6, 18, 'Wesley5', '2019-04-25','12:23:32'),
	(7, 43, 'Harry2', '2019-04-25', '14:23:21'),
	(8, 21, 'Harry1', '2019-04-25', '09:21:23'),
	(9, 50, 'Bas3', '2019-04-25', '11:09:21'),
	(10, 75, 'Bas2', '2019-04-25', '13:43:59'),
	(11, 70, 'Bas1', '2019-04-25', '13:49:12'),
	(12, 65, 'Dani3', '2019-04-25', '16:27:41'),
	(13, 14, 'Dani4', '2019-04-25', '23:12:32'),
	(14, 32, 'Dani2', '2019-04-25', '22:43:12'),
	(15, 35, 'Erkan2', '2019-04-25', '21:43:21'),
	(16, 40, 'Erkan3', '2019-04-25', '20:53:18'),
	(17, 32, 'Erkan1', '2019-04-25', '18:52:23'),
	(18, 20, 'Bazinga12', '2019-04-25', '03:23:50'),
	(19, 43, 'DioBrando2', '2019-04-25', '01:26:32')

insert into Feedback values
	(0, 'Koper', 5, GETDATE() + 5, CURRENT_TIMESTAMP, 'Leuk gedaan'),
	(1, 'Koper', 4, GETDATE() + 3, CURRENT_TIMESTAMP, 'Fijn product, heb er 2 dagen geluk mee gehad ;)'),
	(2, 'Koper', 4, GETDATE() - 32, CURRENT_TIMESTAMP, 'UwU UwU'),
	(3, 'Koper', 3, GETDATE() - 12, CURRENT_TIMESTAMP, 'LMAAAO'),
	(4, 'Koper', 2, GETDATE() - 5, CURRENT_TIMESTAMP, 'slecht product, BAZInGA'),
	(5, 'Koper', 2, GETDATE() - 4, CURRENT_TIMESTAMP, 'Lollipop'),
	(6, 'Koper', 5, GETDATE() - 14, CURRENT_TIMESTAMP, 'WRYYYYYYYYYYYY'),
	(7, 'Koper', 4, GETDATE() - 76, CURRENT_TIMESTAMP, 'LOL'),
	(8, 'Koper', 1, GETDATE() - 18, CURRENT_TIMESTAMP, '281289381293'),
	(9, 'Koper', 1, GETDATE() - 11, CURRENT_TIMESTAMP, 'Echt G E W E L D I G'),
	(10, 'Koper', 5, GETDATE() - 14, CURRENT_TIMESTAMP, 'BRAMEN'),
	(11, 'Koper', 4, GETDATE() - 15, CURRENT_TIMESTAMP, '\/\/\/\//'),
	(12, 'Koper', 4, GETDATE() - 14, CURRENT_TIMESTAMP, '(0-0)'),
	(13, 'Koper', 2, GETDATE() - 19, CURRENT_TIMESTAMP, 'teeksksts'),
	(14, 'Koper', 2, GETDATE() - 21, CURRENT_TIMESTAMP, 'ik weet niet meer wat ik in moet typen'),
	(15, 'Koper', 1, GETDATE() - 22, CURRENT_TIMESTAMP, 'help me'),
	(16, 'Koper', 4, GETDATE() - 27, CURRENT_TIMESTAMP, 'ik sta op het punt om meelf wat aan te doen'),
	(17, 'Koper', 1, GETDATE() - 31, CURRENT_TIMESTAMP, 'AHHHHHHHHHHHHH'),
	(18, 'Koper', 2, GETDATE() - 35, CURRENT_TIMESTAMP, 'OWWWWWWWWWWWWWWWWH SHITTTT'),
	(19, 'Koper', 3, GETDATE() - 7, CURRENT_TIMESTAMP, 'OOOF')

insert into Gebruikerstelefoon values
	(1, 'Peter1','+31634234342'),
	(2, 'Peter2','+31634534534'),
	(3, 'Henk1','+31652452454'),
	(4, 'Henk2','+31645345435'),
	(5, 'Henk3','+31634534534'),
	(6, 'Henk4','+31623842837'),
	(7, 'Wesley5','+31634234839'),
	(8, 'Harry2','+31612345678'),
	(9, 'Harry1','+31635245242'),
	(10,'Bas3','+316342335543'),
	(11,'Bas2','+316345354353'),
	(12,'Bas1','+316345345342'),
	(13,'Dani3','+31608324983'),
	(14,'Dani4','+31602384723'),
	(15,'Dani2','+31612890824'),
	(16,'Erkan2','+31608235063'),
	(17,'Erkan3','+31623491879'),
	(18,'Erkan1','+31623479237'),
	(19,'Bazinga12','+31620398082'),
	(20,'DioBrando2','+31629377239')

insert into Voorwerp_in_Rubriek values
	(0, 1),
	(1, 2),
	(2, 3),
	(3, 4),
	(4, 5),
	(5, 6),
	(6, 7),
	(7, 8),
	(8, 9),
	(9, 10),
	(10, 11),
	(11, 12),
	(12, 13),
	(13, 14),
	(14, 15),
	(15, 16),
	(16, 17),
	(17, 18),
	(18, 19),
	(19, 20),
	(20, 1)